{
    id:"",
    timestamp:"",
    set: {pin:"", value:""}}
}

{
    id:"",
    timestamp:"",
    write: {pin:"", value:""}}
}



{
    id:"",
    timestamp:"",
    condition: {pin: "", comparision: "", value: "", { ThenA } }
}

{
        "id":"3",
        "timestamp":"1111",
        "action": "reset",
        "params": {pin:"D7"}
    }

{
        "id":"3",
        "timestamp":"1111",
        "action": "resetall",
        "params": {NONE}
    }

{
    id:"",
    timestamp:"",
    pipe: {fromPin:"", toPin:""}
}

{
    id:"",
    timestamp:"",
    pulse: {pin:"", period:"ms" }
}








===========================================

{
    id:"",
    timestamp:"",
    repeat: { {A}, times:"numbers" }
}

{
    id:"",
    timestamp:"",
    label: {variableName: "", {A} }
}

{
    id:"",
    timestamp:"",
    group: [ {A}, {A} ]
}

{
    id:"",
    timestamp:"",
    delay: {time:"mm"} 
}