{
  "commands": [
    {
      "id": 1,
      "timestamp": "Wed, 29 Nov 2017 01:26:04 GMT",
      "action": "write",
      "params": {
        "pin": "D11",
        "value": "high"
      }
    },
    {
      "id": 2,
      "timestamp": "Wed, 29 Nov 2017 01:26:32 GMT",
      "action": "pipe",
      "params": {
        "fromPin": "A5",
        "toPin": "D11"
      }
    }
  ]
}

   
//     {
//       "id": 3,
//       "timestamp": "Wed, 29 Nov 2017 01:29:51 GMT",
//       "action": "pulse",
//       "params": {
//         "pin": "D6",
//         "period": "1000",
//         "repetitions": "10"
//       }
//     },
//     {
//       "id": 4,
//       "timestamp": "Wed, 29 Nov 2017 01:30:14 GMT",
//       "action": "set",
//       "params": {
//         "pin": "D7",
//         "value": "input"
//       }
//     },
//     {
//       "id": 5,
//       "timestamp": "Wed, 29 Nov 2017 01:30:26 GMT",
//       "action": "condition",
//       "params": {
//         "pin": "A5",
//         "comparison": "is greater than",
//         "value": "200",
//         "command": {
//           "id": 6,
//           "timestamp": "Wed, 29 Nov 2017 01:30:36 GMT",
//           "action": "write",
//           "params": {
//             "pin": "D9",
//             "value": "high"
//           }
//         }
//       }
//     },
//     {
//       "id": 7,
//       "timestamp": "Wed, 29 Nov 2017 01:30:45 GMT",
//       "action": "doafter",
//       "params": {
//         "time": "5000",
//         "command": {
//           "id": 8,
//           "timestamp": "Wed, 29 Nov 2017 01:31:03 GMT",
//           "action": "pulse",
//           "params": {
//             "pin": "D8",
//             "period": "1000",
//             "repetitions": "7"
//           }
//         }
//       }
//     },
//     {
//       "id": 9,
//       "timestamp": "Wed, 29 Nov 2017 01:31:24 GMT",
//       "action": "reset",
//       "params": {
//         "pin": "D7"
//       }
//     },
//     {
//       "id": 10,
//       "timestamp": "Wed, 29 Nov 2017 01:31:16 GMT",
//       "action": "resetall",
//       "params": {
//         "pin": "all"
//       }
//     }